,CHR,SNP,BP,A1,TEST,NMISS,OR,SE,L95,U95,STAT,P,meta.OR,meta.P,fdr
76,6,rs9268839,32428772,A,ADD,3187,0.5687,0.05256,0.513,0.6304,-10.74,6.842e-27,0.5226,0,0
78,6,rs9275376,32668633,T,ADD,3187,1.815,0.06515,1.598,2.062,9.152,5.602e-20,1.7237,1.112e-47,1.03972e-45
85,6,rs7752903,138227364,T,ADD,3187,0.6561,0.1145,0.5241,0.8212,-3.68,0.0002336,0.7331,1.937e-22,1.20739666666667e-20
79,6,rs4285314,32717702,A,ADD,3187,1.11,0.06872,0.9701,1.27,1.519,0.1289,1.3371,2.353e-15,1.1000275e-13
158,14,rs28477407,55344901,T,ADD,3187,0.9113,0.05038,0.8256,1.006,-1.844,0.06522,0.8943,9.187e-07,3.435938e-05
227,22,rs5997893,31556103,A,ADD,3187,0.9018,0.05024,0.8172,0.9951,-2.057,0.03966,0.9251,0.0001915,0.00596841666666667
124,10,rs45596840,106028154,A,ADD,3187,0.8955,0.06622,0.7865,1.02,-1.667,0.09552,0.8912,0.0002492,0.0066572
75,6,rs4947332,31834197,T,ADD,3187,2.081,0.2087,1.383,3.133,3.512,0.0004441,1.41,0.0009501,0.0222085875
