CHR1,SNP1,CHR2,SNP2,OR_INT,STAT,P,miR1,miR2
1,rs1414273,7,rs117344178,0.313929,19.7655,8.763e-06,CD58,PTPRN2
1,rs877722,5,rs62376935,0.700077,12.2212,0.0004726,SLC35F3,SLIT3
1,rs73108496,11,rs67042258,0.558997,12.6479,0.0003761,RYR2,MIR6128
2,rs10175383,8,rs10505168,0.748224,11.7398,0.0006119,MIR3679,CSMD3
2,rs6430498,5,rs367805,1.28797,10.9375,0.0009425,MIR3679,LOC553103
2,rs2241347,5,rs7709117,1.35183,12.3538,0.0004402,FASTKD2,MIR4634
3,rs6771809,14,rs12894467,0.656563,11.5558,0.0006755,COPG1,MIR300
3,rs75715827,16,rs57629257,0.428358,11.1356,0.000847,TP63,PDXDC2P
5,rs367805,10,rs45596840,0.722531,11.4539,0.0007136,LOC553103,MIR4482
5,rs367805,10,rs641071,0.716913,16.0484,6.177e-05,LOC553103,MIR4482
5,rs2042253,6,rs9295535,1.34491,14.093,0.000174,MIR5197,MIR5689HG
6,rs2276448,6,rs9268839,1.32436,10.8291,0.0009993,HLA-B,NA
6,rs17881225,6,rs9275375,0.72451,13.477,0.0002416,HLA-B,NA
6,rs4285314,16,rs16958290,1.53597,16.8634,4.019e-05,MIR3135B,CDH13
6,rs68035463,14,rs12894467,1.50915,10.9572,0.0009325,MIR3144,MIR300
6,rs67106263,14,rs12894467,1.50915,10.9572,0.0009325,MIR3144,MIR300
7,rs7804972,17,rs620301,1.47573,14.5928,0.0001335,ZNF107,FBXL20
7,rs4909237,11,rs12801172,1.3425,11.831,0.0005826,PTPRN2,EHD1
8,rs75404472,16,rs2925980,0.634786,12.1725,0.0004851,MIR3674,CMIP
8,rs2114358,15,rs76468441,0.274239,19.0585,1.269e-05,PVT1,MIR548AP
8,rs6997249,14,rs2273626,0.544402,19.759,8.792e-06,CCDC26,HAUS4
9,rs3780662,10,rs11014002,0.580794,12.0226,0.0005257,AK1,KIAA1217
9,rs56195815,10,rs7911488,1.53774,11.6583,0.0006393,GFI1B,USMG5
10,rs7070684,11,rs2155248,1.83627,13.3408,0.0002598,SEC61A2,MIR1304
14,rs2296320,22,rs5997893,1.93891,14.5927,0.0001335,CHURC1-FNTB,MIR3928
17,rs58390814,19,rs56061231,1.9326,11.4028,0.0007335,EZH1,NOTCH3
